USER,FRIENDCOUNT
essays22,63
huangzilongg,1
costellokid3,0
ng_meneses1,13
kaybank3,70
rivermercuries,63
meg_meg074,60
sydneycbaxter,346
devveeen,174
toys_hop,78
bubeanon,22
sumanthuh4213,4
cristinaahart,615
fahdeeyuh,1597
Bossa_Nakane,31279
PatriotClass20,139
abbymcquillann,75
dauntjen3,49
nikihags,228
carissakochan,240
smile_an_wave,191
KaylaSolomon5,259
JacobHubertt,193
ccaandace,349
mackenzie4banks,80
DevonByler,130
Brycelogan17,203
saigeaohara,300
jordankeller121,291
RallLizzie,72
aleiamarie_,206
amandahish2,347
IanMccord3,171
Empaeru,115
emmy_gurl_,189
lorenwaller17,295
fryekb20,107
kat_jenks,279
M13Molly,234
FallonHunter4,214
Harryluccy,265
jenna_abel33,43
cheskangelie,195
KaihilP,56
burrelllizzie,83
hannahnug10,425
Samstinyworld,198
ryan_gessner7,256
erinrickss,58
zay_hypeman,293
R_Abell13,162
neikamanafi,295
wdvdj,122
CarleyParsons,246
nan9874,507
MAKinselomg,49
Londonisbeast14,79
kamrynsophia,291
rachelloomis2,85
worst__account,146
samanthaderosaa,465
johnnyapplejon,27
snommiS_nodnarB,161
joshua_yoon_,246
marionrichh,163
AyushJonnala,31
AidanTaff,170
EllaNanto,276
katiemjj,324
withluxury,2206
Matt13Hopkins,61
hotteapt,42
TalkingBrownie,124
jaxnexlle_k,69
zackschwarz73,200
jackson_harris6,49
_itsmeabby_,274
EBrett55,54
b_ms35,258
troan__sarah,222
jjacqui_carroll,395
trinitybyers13,183
Big_Gucci_Sushi,173
queso2Krispy,245
jdnnl_,102
sophiaakhann,540
sheaoconnelll,595
mmaddiebradshaw,282
andreaoree,151
chris44shannon,149
chasejaramillo1,256
0d0m92,110
zach_H41,139
m54z4,69
Fourcing,46466
mo_murphy12,121
emmareyns,277
itsisaiahthomas,166
mackenziekenn11,106
lburns_16,66
carlymarie110,226
cluelesschild18,99
josieswim19,721
lucyjarvis26,348
rymcauley,28
maggiekiernan22,176
claire_pettit_,256
ToriEdwards6,375
_livstark,252
saltysplooge,11
sammiemurphy42,296
coreyjhigdon,174
pyschosophia,107
snnsnsnskek,373
PaytonLinden,198
rachheel1,441
sasha_thorpe,1
_sofiahuang,117
